R-025|CS/SE 201|1100
R-087|CS/SE 201|1100
R-144|CS/SE 201|1100
R-084|CS/SE 201|1100
R-262|CS/SE 201|1100
R-085|CS/SE 201|1100
R-199|CS/SE 201|1100
R-145|CS/SE 201|1100
R-051|CS/SE 201|1100
R-040|CS/SE 201|1100
R-184|CS/SE 201|1100
R-286|CS/SE 201|1100
R-007|DB 210|1150
R-275|DB 210|1150
R-230|DB 210|1150
R-123|DB 210|1150
R-059|DB 210|1150
R-066|DB 210|1150
R-116|DB 210|1150
R-182|DB 210|1150
R-285|DB 210|1150
R-023|DB 210|1150
R-133|DB 210|1150
R-012|DB 210|1150
R-159|DB 210|1150
R-028|DB 210|1150
R-027|DB 210|1150
R-120|DB 210|1150
R-300|DB 210|1150
R-108|DB 210|1150
R-079|DB 210|1150
R-055|DB 210|1150
R-278|DB 210|1150
R-261|DB 210|1150
R-026|DB 210|1150
R-238|DB 210|1150
R-196|DB 210|1150
R-318|DB 210|1150
R-091|DB 210|1150
R-277|DB 210|1150
R-092|DB 210|1150
R-279|DB 210|1150
R-130|DB 210|1150
R-229|DB 210|1150
R-195|DB 210|1150
R-032|DB 210|1150
R-204|DB 210|1150
R-124|DB 210|1150
R-044|DB 210|1150
R-249|DB 210|1150
R-047|DB 210|1150
R-142|DB 210|1150
R-241|DB 210|1150
R-018|DB 210|1150
R-111|DB 210|1150
R-314|DB 210|1150
R-239|DB 210|1150
R-068|DB 210|1150
R-143|DB 210|1150
R-216|DB 210|1150
R-310|DB 210|1150
R-013|ES/NC 260|1177
R-189|ES/NC 260|1177
R-299|ES/NC 260|1177
R-257|ES/NC 260|1177
R-006|ES/NC 260|1177
R-022|ES/NC 260|1177
R-222|ES/NC 260|1177
R-140|ES/NC 260|1177
R-174|ES/NC 260|1177
R-303|ES/NC 260|1177
R-147|ES/NC 260|1177
R-219|ES/NC 260|1177
R-109|ES/NC 260|1177
R-125|ES/NC 260|1177
R-024|ES/NC 260|1177
R-197|ES/NC 260|1177
R-242|ES/NC 260|1177
R-132|ES/NC 260|1177
R-201|ES/NC 260|1177
R-014|CS 240/NC 220|1092
R-270|CS 240/NC 220|1092
R-154|CS 240/NC 220|1092
R-014|DB/ITS 280|1140
R-136|DB/ITS 280|1140
R-225|DB/ITS 280|1140
R-038|DB/ITS 280|1140
R-036|DB/ITS 280|1140
R-159|DB/ITS 280|1140
R-205|DB/ITS 280|1140
R-211|DB/ITS 280|1140
R-196|DB/ITS 280|1140
R-003|DB/ITS 280|1140
R-101|DB/ITS 280|1140
R-287|DB/ITS 280|1140
R-271|DB/ITS 280|1140
R-276|DB/ITS 280|1140
R-076|DB/ITS 280|1140
R-172|DB/ITS 280|1140
R-168|DB/ITS 280|1140
R-249|DB/ITS 280|1140
R-047|DB/ITS 280|1140
R-105|DB/ITS 280|1140
R-322|DB/ITS 280|1140
R-252|DB/ITS 280|1140
R-216|DB/ITS 280|1140
R-136|SE 110|1022
R-007|SE 110|1022
R-283|SE 110|1022
R-275|SE 110|1022
R-230|SE 110|1022
R-225|SE 110|1022
R-025|SE 110|1022
R-013|SE 110|1022
R-064|SE 110|1022
R-256|SE 110|1022
R-123|SE 110|1022
R-164|SE 110|1022
R-052|SE 110|1022
R-030|SE 110|1022
R-038|SE 110|1022
R-059|SE 110|1022
R-191|SE 110|1022
R-087|SE 110|1022
R-010|SE 110|1022
R-210|SE 110|1022
R-066|SE 110|1022
R-116|SE 110|1022
R-182|SE 110|1022
R-185|SE 110|1022
R-263|SE 110|1022
R-285|SE 110|1022
R-023|SE 110|1022
R-259|SE 110|1022
R-175|SE 110|1022
R-189|SE 110|1022
R-112|SE 110|1022
R-177|SE 110|1022
R-291|SE 110|1022
R-133|SE 110|1022
R-235|SE 110|1022
R-012|SE 110|1022
R-240|SE 110|1022
R-070|SE 110|1022
R-299|SE 110|1022
R-036|SE 110|1022
R-257|SE 110|1022
R-017|SE 110|1022
R-074|SE 110|1022
R-001|SE 110|1022
R-159|SE 110|1022
R-138|SE 110|1022
R-028|SE 110|1022
R-309|SE 110|1022
R-027|SE 110|1022
R-179|SE 110|1022
R-302|SE 110|1022
R-006|SE 110|1022
R-120|SE 110|1022
R-300|SE 110|1022
R-108|SE 110|1022
R-022|SE 110|1022
R-079|SE 110|1022
R-144|SE 110|1022
R-084|SE 110|1022
R-262|SE 110|1022
R-157|SE 110|1022
R-222|SE 110|1022
R-140|SE 110|1022
R-085|SE 110|1022
R-060|SE 110|1022
R-174|SE 110|1022
R-205|SE 110|1022
R-199|SE 110|1022
R-211|SE 110|1022
R-055|SE 110|1022
R-293|SE 110|1022
R-048|SE 110|1022
R-278|SE 110|1022
R-050|SE 110|1022
R-261|SE 110|1022
R-117|SE 110|1022
R-026|SE 110|1022
R-213|SE 110|1022
R-238|SE 110|1022
R-196|SE 110|1022
R-318|SE 110|1022
R-003|SE 110|1022
R-101|SE 110|1022
R-091|SE 110|1022
R-227|SE 110|1022
R-043|SE 110|1022
R-274|SE 110|1022
R-277|SE 110|1022
R-303|SE 110|1022
R-009|SE 110|1022
R-092|SE 110|1022
R-279|SE 110|1022
R-206|SE 110|1022
R-287|SE 110|1022
R-288|SE 110|1022
R-147|SE 110|1022
R-219|SE 110|1022
R-298|SE 110|1022
R-130|SE 110|1022
R-067|SE 110|1022
R-134|SE 110|1022
R-035|SE 110|1022
R-145|SE 110|1022
R-229|SE 110|1022
R-195|SE 110|1022
R-005|SE 110|1022
R-271|SE 110|1022
R-276|SE 110|1022
R-188|SE 110|1022
R-032|SE 110|1022
R-223|SE 110|1022
R-109|SE 110|1022
R-076|SE 110|1022
R-244|SE 110|1022
R-204|SE 110|1022
R-124|SE 110|1022
R-125|SE 110|1022
R-044|SE 110|1022
R-051|SE 110|1022
R-172|SE 110|1022
R-168|SE 110|1022
R-016|SE 110|1022
R-268|SE 110|1022
R-024|SE 110|1022
R-249|SE 110|1022
R-047|SE 110|1022
R-040|SE 110|1022
R-105|SE 110|1022
R-081|SE 110|1022
R-197|SE 110|1022
R-242|SE 110|1022
R-142|SE 110|1022
R-241|SE 110|1022
R-232|SE 110|1022
R-018|SE 110|1022
R-111|SE 110|1022
R-243|SE 110|1022
R-184|SE 110|1022
R-069|SE 110|1022
R-169|SE 110|1022
R-322|SE 110|1022
R-314|SE 110|1022
R-170|SE 110|1022
R-239|SE 110|1022
R-192|SE 110|1022
R-068|SE 110|1022
R-193|SE 110|1022
R-132|SE 110|1022
R-073|SE 110|1022
R-252|SE 110|1022
R-143|SE 110|1022
R-286|SE 110|1022
R-216|SE 110|1022
R-310|SE 110|1022
R-208|SE 110|1022
R-315|SE 110|1022
R-163|SE 110|1022
R-201|SE 110|1022
R-275|DB 240/ITS 281|1060
R-230|DB 240/ITS 281|1060
R-052|DB 240/ITS 281|1060
R-028|DB 240/ITS 281|1060
R-302|DB 240/ITS 281|1060
R-091|DB 240/ITS 281|1060
R-298|DB 240/ITS 281|1060
R-229|DB 240/ITS 281|1060
R-310|DB 240/ITS 281|1060
R-231|IT 298|9999
R-273|IT 298|9999
R-214|IT 298|9999
R-317|IT 298|9999
R-306|IT 298|9999
R-234|IT 298|9999
R-102|IT 298|9999
R-034|IT 298|9999
R-008|IT 298|9999
R-269|IT 298|9999
R-078|IT 298|9999
R-126|IT 298|9999
R-228|IT 298|9999
R-075|IT 298|9999
R-104|IT 298|9999
R-178|IT 298|9999
R-171|IT 298|9999
R-264|IT 298|9999
R-304|IT 298|9999
R-180|IT 298|9999
R-290|IT 298|9999
R-212|IT 298|9999
R-221|IT 298|9999
R-065|IT 298|9999
R-245|IT 298|9999
R-161|IT 298|9999
R-237|IT 298|9999
R-258|IT 298|9999
R-236|IT 298|9999
R-057|IT 298|9999
R-099|IT 298|9999
R-019|IT 298|9999
R-086|IT 298|9999
R-020|IT 298|9999
R-267|IT 298|9999
R-148|IT 298|9999
R-152|IT 298|9999
R-119|IT 298|9999
R-265|IT 298|9999
R-106|IT 298|9999
R-071|IT 298|9999
R-135|IT 298|9999
R-320|IT 298|9999
R-307|IT 298|9999
R-100|IT 298|9999
R-218|IT 298|9999
R-281|IT 298|9999
R-098|IT 298|9999
R-056|IT 298|9999
R-247|IT 298|9999
R-272|IT 298|9999
R-187|IT 298|9999
R-156|IT 298|9999
R-284|IT 298|9999
R-153|IT 298|9999
R-173|IT 298|9999
R-141|IT 298|9999
R-033|IT 298|9999
R-061|IT 298|9999
R-233|IT 298|9999
R-072|IT 298|9999
R-096|IT 298|9999
R-294|IT 298|9999
R-058|IT 298|9999
R-266|IT 298|9999
R-045|IT 298|9999
R-282|IT 298|9999
R-296|IT 298|9999
R-220|IT 298|9999
R-190|IT 298|9999
R-255|IT 298|9999
R-165|IT 298|9999
R-312|IT 298|9999
R-151|IT 298|9999
R-088|IT 298|9999
R-139|IT 298|9999
R-004|IT 298|9999
R-203|IT 298|9999
R-090|IT 298|9999
R-162|IT 298|9999
R-094|IT 298|9999
R-289|IT 298|9999
R-118|IT 298|9999
R-160|IT 298|9999
R-114|IT 298|9999
R-063|IT 298|9999
R-167|IT 298|9999
R-226|IT 298|9999
R-029|IT 298|9999
R-311|IT 298|9999
R-215|IT 298|9999
R-280|IT 298|9999
R-200|IT 298|9999
R-039|IT 298|9999
R-181|IT 298|9999
R-254|IT 298|9999
R-129|IT 298|9999
R-186|IT 298|9999
R-308|IT 298|9999
R-295|IT 298|9999
R-183|IT 298|9999
R-217|IT 298|9999
R-082|IT 298|9999
R-128|IT 298|9999
R-248|IT 298|9999
R-149|IT 298|9999
R-194|IT 298|9999
R-097|IT 298|9999
R-301|IT 298|9999
R-042|IT 298|9999
R-046|IT 298|9999
R-305|IT 298|9999
R-198|IT 298|9999
R-251|IT 298|9999
R-041|IT 298|9999
R-115|IT 298|9999
R-083|IT 298|9999
R-209|IT 298|9999
R-224|IT 298|9999
R-321|IT 298|9999
R-260|IT 298|9999
R-113|CS/DB 205|1168
R-025|CS/DB 205|1168
R-064|CS/DB 205|1168
R-256|CS/DB 205|1168
R-059|CS/DB 205|1168
R-087|CS/DB 205|1168
R-210|CS/DB 205|1168
R-259|CS/DB 205|1168
R-175|CS/DB 205|1168
R-070|CS/DB 205|1168
R-017|CS/DB 205|1168
R-074|CS/DB 205|1168
R-309|CS/DB 205|1168
R-144|CS/DB 205|1168
R-084|CS/DB 205|1168
R-262|CS/DB 205|1168
R-085|CS/DB 205|1168
R-199|CS/DB 205|1168
R-213|CS/DB 205|1168
R-091|CS/DB 205|1168
R-227|CS/DB 205|1168
R-043|CS/DB 205|1168
R-277|CS/DB 205|1168
R-009|CS/DB 205|1168
R-035|CS/DB 205|1168
R-145|CS/DB 205|1168
R-032|CS/DB 205|1168
R-204|CS/DB 205|1168
R-051|CS/DB 205|1168
R-016|CS/DB 205|1168
R-040|CS/DB 205|1168
R-232|CS/DB 205|1168
R-184|CS/DB 205|1168
R-170|CS/DB 205|1168
R-286|CS/DB 205|1168
R-315|CS/DB 205|1168
R-014|SE 210|1022
R-136|SE 210|1022
R-283|SE 210|1022
R-123|SE 210|1022
R-164|SE 210|1022
R-038|SE 210|1022
R-116|SE 210|1022
R-182|SE 210|1022
R-263|SE 210|1022
R-285|SE 210|1022
R-291|SE 210|1022
R-133|SE 210|1022
R-036|SE 210|1022
R-138|SE 210|1022
R-300|SE 210|1022
R-079|SE 210|1022
R-205|SE 210|1022
R-211|SE 210|1022
R-055|SE 210|1022
R-293|SE 210|1022
R-278|SE 210|1022
R-261|SE 210|1022
R-213|SE 210|1022
R-318|SE 210|1022
R-003|SE 210|1022
R-274|SE 210|1022
R-092|SE 210|1022
R-279|SE 210|1022
R-287|SE 210|1022
R-130|SE 210|1022
R-134|SE 210|1022
R-195|SE 210|1022
R-271|SE 210|1022
R-276|SE 210|1022
R-188|SE 210|1022
R-076|SE 210|1022
R-244|SE 210|1022
R-172|SE 210|1022
R-168|SE 210|1022
R-268|SE 210|1022
R-142|SE 210|1022
R-241|SE 210|1022
R-018|SE 210|1022
R-111|SE 210|1022
R-169|SE 210|1022
R-322|SE 210|1022
R-314|SE 210|1022
R-192|SE 210|1022
R-068|SE 210|1022
R-143|SE 210|1022
R-136|CS 110 |1124
R-007|CS 110 |1124
R-283|CS 110 |1124
R-275|CS 110 |1124
R-230|CS 110 |1124
R-225|CS 110 |1124
R-025|CS 110 |1124
R-013|CS 110 |1124
R-064|CS 110 |1124
R-256|CS 110 |1124
R-123|CS 110 |1124
R-164|CS 110 |1124
R-052|CS 110 |1124
R-030|CS 110 |1124
R-038|CS 110 |1124
R-059|CS 110 |1124
R-191|CS 110 |1124
R-087|CS 110 |1124
R-010|CS 110 |1124
R-210|CS 110 |1124
R-066|CS 110 |1124
R-116|CS 110 |1124
R-182|CS 110 |1124
R-185|CS 110 |1124
R-263|CS 110 |1124
R-285|CS 110 |1124
R-023|CS 110 |1124
R-259|CS 110 |1124
R-175|CS 110 |1124
R-189|CS 110 |1124
R-112|CS 110 |1124
R-177|CS 110 |1124
R-291|CS 110 |1124
R-133|CS 110 |1124
R-235|CS 110 |1124
R-012|CS 110 |1124
R-240|CS 110 |1124
R-070|CS 110 |1124
R-299|CS 110 |1124
R-036|CS 110 |1124
R-257|CS 110 |1124
R-017|CS 110 |1124
R-074|CS 110 |1124
R-001|CS 110 |1124
R-159|CS 110 |1124
R-138|CS 110 |1124
R-028|CS 110 |1124
R-309|CS 110 |1124
R-027|CS 110 |1124
R-179|CS 110 |1124
R-302|CS 110 |1124
R-006|CS 110 |1124
R-120|CS 110 |1124
R-300|CS 110 |1124
R-108|CS 110 |1124
R-022|CS 110 |1124
R-079|CS 110 |1124
R-144|CS 110 |1124
R-084|CS 110 |1124
R-262|CS 110 |1124
R-157|CS 110 |1124
R-222|CS 110 |1124
R-140|CS 110 |1124
R-085|CS 110 |1124
R-060|CS 110 |1124
R-174|CS 110 |1124
R-205|CS 110 |1124
R-199|CS 110 |1124
R-211|CS 110 |1124
R-055|CS 110 |1124
R-293|CS 110 |1124
R-048|CS 110 |1124
R-278|CS 110 |1124
R-050|CS 110 |1124
R-261|CS 110 |1124
R-117|CS 110 |1124
R-026|CS 110 |1124
R-213|CS 110 |1124
R-238|CS 110 |1124
R-196|CS 110 |1124
R-318|CS 110 |1124
R-003|CS 110 |1124
R-101|CS 110 |1124
R-091|CS 110 |1124
R-227|CS 110 |1124
R-043|CS 110 |1124
R-274|CS 110 |1124
R-277|CS 110 |1124
R-303|CS 110 |1124
R-009|CS 110 |1124
R-092|CS 110 |1124
R-279|CS 110 |1124
R-206|CS 110 |1124
R-287|CS 110 |1124
R-288|CS 110 |1124
R-147|CS 110 |1124
R-219|CS 110 |1124
R-298|CS 110 |1124
R-130|CS 110 |1124
R-067|CS 110 |1124
R-134|CS 110 |1124
R-035|CS 110 |1124
R-145|CS 110 |1124
R-229|CS 110 |1124
R-195|CS 110 |1124
R-005|CS 110 |1124
R-271|CS 110 |1124
R-276|CS 110 |1124
R-188|CS 110 |1124
R-032|CS 110 |1124
R-223|CS 110 |1124
R-109|CS 110 |1124
R-076|CS 110 |1124
R-244|CS 110 |1124
R-204|CS 110 |1124
R-124|CS 110 |1124
R-125|CS 110 |1124
R-044|CS 110 |1124
R-051|CS 110 |1124
R-172|CS 110 |1124
R-168|CS 110 |1124
R-016|CS 110 |1124
R-268|CS 110 |1124
R-024|CS 110 |1124
R-249|CS 110 |1124
R-047|CS 110 |1124
R-040|CS 110 |1124
R-105|CS 110 |1124
R-081|CS 110 |1124
R-197|CS 110 |1124
R-242|CS 110 |1124
R-142|CS 110 |1124
R-241|CS 110 |1124
R-232|CS 110 |1124
R-018|CS 110 |1124
R-111|CS 110 |1124
R-243|CS 110 |1124
R-184|CS 110 |1124
R-069|CS 110 |1124
R-169|CS 110 |1124
R-322|CS 110 |1124
R-314|CS 110 |1124
R-170|CS 110 |1124
R-239|CS 110 |1124
R-192|CS 110 |1124
R-068|CS 110 |1124
R-193|CS 110 |1124
R-132|CS 110 |1124
R-073|CS 110 |1124
R-252|CS 110 |1124
R-143|CS 110 |1124
R-286|CS 110 |1124
R-216|CS 110 |1124
R-310|CS 110 |1124
R-208|CS 110 |1124
R-315|CS 110 |1124
R-163|CS 110 |1124
R-201|CS 110 |1124
R-283|DB 290|1060
R-256|CS 290|1185
R-164|DB 290|1060
R-052|DB 290|1060
R-191|DB 290|1060
R-087|CS 290|1185
R-185|DB 290|1060
R-023|DB 290|1060
R-259|CS 290|1185
R-235|DB 290|1060
R-070|CS 290|1185
R-017|CS 290|1185
R-138|DB 290|1060
R-309|CS 290|1185
R-120|DB 290|1060
R-085|CS 290|1185
R-293|DB 290|1060
R-048|DB 290|1060
R-101|DB 290|1060
R-227|CS 290|1185
R-277|DB 290|1060
R-206|DB 290|1060
R-298|DB 290|1185
R-067|DB 290|1060
R-005|DB 290|1060
R-124|DB 290|1060
R-016|CS 290|1185
R-268|DB 290|1060
R-192|DB 290|1060
R-193|DB 290|1060
R-073|DB 290|1060
R-252|DB 290|1060
R-031|ES 395|1189
R-225|CS 297G|1168
R-066|CS 297G|1168
R-175|CS 297G|1168
R-084|CS 297G|1168
R-043|CS 297G|1168
R-009|CS 297G|1168
R-105|CS 297G|1168
R-170|CS 297G|1168
R-315|CS 297G|1168
R-001|CS/NC 297F|1177
R-179|CS/NC 297F|1177
R-112|NC 297C|1198
R-001|NC 297C|1198
R-069|NC 297C|1198
R-037|NC 297C|1198
R-270|NC 297C|1198
R-150|NC 297C|1198
R-131|DB 295|1140
R-238|DB 295|1060
R-113|SE 295|1022
R-014|SE 295|1188
R-064|CS 295|1185
R-210|CS 295|1060
R-207|IT 399|1100
R-297|IT 399|1150
R-110|IT 399|1151
R-121|IT 399|1151
R-246|CS 399|1100
R-093|CS 399|1100
R-031|IT 399|1161
R-089|IT 299|9999
R-077|IT 299|9999
R-166|IT 299|9999
R-053|IT 299|9999
R-002|IT 299|9999
R-155|IT 299|9999
R-316|IT 299|9999
R-127|IT 299|9999
R-313|IT 299|9999
R-158|IT 299|9999
R-146|IT 299|9999
R-323|IT 299|9999
R-107|IT 299|9999
R-292|IT 299|9999
R-080|IT 299|9999
R-007|DB 250|1060
R-191|DB 250|1060
R-185|DB 250|1060
R-263|DB 250|1060
R-291|DB 250|1060
R-235|DB 250|1060
R-074|DB 250|1060
R-027|DB 250|1060
R-302|DB 250|1060
R-108|DB 250|1060
R-048|DB 250|1060
R-026|DB 250|1060
R-206|DB 250|1060
R-067|DB 250|1060
R-035|DB 250|1060
R-005|DB 250|1060
R-044|DB 250|1060
R-193|DB 250|1060
R-073|DB 250|1060
R-030|NC 205|1087
R-010|NC 205|1087
R-189|NC 205|1087
R-112|NC 205|1087
R-177|NC 205|1087
R-012|NC 205|1087
R-240|NC 205|1087
R-022|NC 205|1087
R-157|NC 205|1087
R-140|NC 205|1087
R-060|NC 205|1087
R-050|NC 205|1087
R-117|NC 205|1087
R-274|NC 205|1087
R-288|NC 205|1087
R-147|NC 205|1087
R-219|NC 205|1087
R-134|NC 205|1087
R-223|NC 205|1087
R-244|NC 205|1087
R-024|NC 205|1087
R-081|NC 205|1087
R-232|NC 205|1087
R-243|NC 205|1087
R-069|NC 205|1087
R-169|NC 205|1087
R-239|NC 205|1087
R-208|NC 205|1087
R-163|NC 205|1087
R-015|NC 205|1087
R-150|NC 205|1087
R-154|NC 205|1087
R-013|NC 231|1123
R-030|NC 231|1123
R-010|NC 231|1123
R-177|NC 231|1123
R-240|NC 231|1123
R-299|NC 231|1123
R-257|NC 231|1123
R-179|NC 231|1123
R-006|NC 231|1123
R-157|NC 231|1123
R-222|NC 231|1123
R-060|NC 231|1123
R-174|NC 231|1123
R-050|NC 231|1123
R-117|NC 231|1123
R-303|NC 231|1123
R-288|NC 231|1123
R-188|NC 231|1123
R-223|NC 231|1123
R-109|NC 231|1123
R-125|NC 231|1123
R-081|NC 231|1123
R-197|NC 231|1123
R-242|NC 231|1123
R-243|NC 231|1123
R-132|NC 231|1123
R-208|NC 231|1123
R-163|NC 231|1123
R-201|NC 231|1123
R-015|NC 231|1123
R-250|SE 399|1124
R-049|NC 399|1087
R-103|NC 395|1087
R-131|DB 295|1140
R-131|DB 299|1140
R-113|NC 101|1123
R-113|SE 290|1022
R-014|SE 399|1022
R-062|CS 280|1124
R-062|CS 395|1124
R-062|DB 297C|1150
R-062|NC 101|1123
R-011|CS 101|1100
R-011|CS/NC 297D|1177
R-011|NC 297G|1177
R-122|CS 101|1100
R-122|CS 225|1185
R-122|CS 295|1185
R-122|DB 101|1150
R-136|DB 295|1140
R-136|SE 220|1022
R-136|SE 290|1150
R-136|SE 297C|1022
R-007|DB 230|1077
R-007|DB 290|1168
R-007|DB 295|1022
R-007|DB 297C|1150
R-007|SE 230|1188
R-007|SE 297C|1022
R-283|CS 225|1185
R-283|DB 230|1077
R-283|DB 290|1060
R-283|DB 295|1205
R-283|SE 220|1022
R-275|DB 230|1077
R-275|DB 290|1168
R-275|DB 295|1060
R-275|DB 295|1205
R-275|DB 297C|1150
R-275|SE 230|1188
R-275|SE 297C|1022
R-230|CS 210|1044
R-230|CS 297J|1188
R-230|DB 230|1077
R-230|DB 295|1205
R-230|SE 297C|1022
R-225|DB 230|1077
R-225|DB 290|1123
R-225|DB 290|1168
R-225|DB 295|1140
R-025|CS 280|1124
R-025|CS 290|1100
R-025|CS 297J|1188
R-025|ITS 297A|1151
R-025|SE 240/DB 221|1100
R-013|CS/NC 297D|1177
R-013|ES 290|1189
R-013|NC 290|1177
R-013|NC 297E|1087
R-064|CS 280|1124
R-064|CS 290|1123
R-064|CS 295|1185
R-064|CS 305|1124
R-256|CS 225|1185
R-256|CS 290|1100
R-256|CS 290|1185
R-256|CS 297J|1188
R-123|CS 210|1044
R-123|SE 220|1022
R-123|SE 230|1188
R-123|SE 297C|1022
R-164|CS 230/NC 285|1087
R-164|DB 297C|1150
R-164|SE 220|1022
R-164|SE 290|1022
R-164|SE 297C|1022
R-052|DB 230|1077
R-052|DB 270|1060
R-052|DB 295|1060
R-052|DB 297C|1150
R-052|SE 297C|1022
R-030|CS 230/NC 285|1087
R-030|CS/NC 297D|1177
R-030|NC 210|1087
R-030|NC 290|1123
R-030|NC 297E|1087
R-038|CS/NC 297D|1177
R-038|DB 295|1140
R-038|SE 220|1022
R-038|SE 230|1188
R-059|CS 210|1044
R-059|CS 280|1124
R-059|CS 290|1100
R-059|DB 295|1205
R-191|DB 230|1077
R-191|DB 270|1060
R-191|DB 290|1060
R-191|DB 297C|1150
R-087|CS 295|1100
R-087|CS 295|1185
R-087|CS 297J|1188
R-087|CS/NC 297D|1177
R-010|CS/NC 297D|1177
R-010|ES/NC 240|1173
R-010|NC 210|1087
R-010|NC 290|1123
R-010|NC 297E|1087
R-210|CS 230/NC 285|1087
R-210|CS 290|1100
R-210|CS 295|1060
R-210|NC 290|1196
R-066|CS 290|1123
R-066|DB 230|1077
R-066|DB 270|1060
R-066|DB 295|1150
R-066|DB 297C|1150
R-116|SE 220|1022
R-116|SE 230|1188
R-116|SE 295|1022
R-116|SE 297C|1022
R-182|DB 290|1150
R-182|DB 297C|1150
R-182|SE 220|1022
R-182|SE 290|1022
R-185|DB 230|1077
R-185|DB 270|1060
R-185|DB 290|1060
R-185|DB 297C|1150
R-185|SE 297C|1022
R-263|DB 297C|1150
R-263|SE 220|1022
R-263|SE 230|1188
R-263|SE 240/DB 221|1100
R-285|SE 220|1022
R-285|SE 230|1188
R-285|SE 295|1022
R-285|SE 297C|1022
R-023|CS 230/NC 285|1087
R-023|DB 230|1077
R-023|DB 290|1060
R-023|SE 230|1188
R-023|SE 297C|1022
R-259|CS 225|1185
R-259|CS 290|1185
R-259|CS 290|1100
R-259|CS 297J|1188
R-175|CS 210|1044
R-175|CS 225|1185
R-175|CS 290|1185
R-175|CS 290|1168
R-189|CS 210|1044
R-189|ES 290|1189
R-189|NC 210|1087
R-189|NC 290|1087
R-112|CS 225|1185
R-112|NC 210|1087
R-112|NC 295|1196
R-112|SE 290|1150
R-177|CS 210|1044
R-177|CS 295|1100
R-177|NC 210|1087
R-177|NC 290|1196
R-291|DB 230|1077
R-291|DB 290|1060
R-291|DB 297C|1150
R-291|SE 220|1022
R-291|SE 297C|1022
R-133|DB 270|1060
R-133|DB 297C|1150
R-133|SE 220|1022
R-133|SE 297C|1022
R-235|CS 230/NC 285|1087
R-235|DB 270|1060
R-235|DB 295|1205
R-235|DB 297C|1150
R-235|SE 297C|1022
R-012|CS/NC 297D|1177
R-012|NC 210|1087
R-012|NC 297E|1087
R-012|SE 240/DB 221|1100
R-240|ES/NC 240|1173
R-240|NC 210|1087
R-240|NC 290|1087
R-240|NC 295|1123
R-240|NC 297E|1087
R-070|CS 230/NC 285|1087
R-070|CS 280|1124
R-070|CS 290|1196
R-070|CS/NC 297D|1177
R-299|CS 230/NC 285|1087
R-299|NC 210|1087
R-299|NC 290|1177
R-299|NC 297E|1087
R-036|SE 220|1022
R-036|SE 230|1188
R-036|SE 295|1188
R-036|SE 297C|1022
R-257|CS/NC 297D|1177
R-257|NC 210|1087
R-257|NC 295|1177
R-257|NC 297E|1087
R-017|CS 280|1124
R-017|CS 290|1123
R-017|CS 295|1168
R-017|CS 297J|1188
R-074|CS 210|1044
R-074|CS 230/NC 285|1087
R-074|CS 290|1168
R-074|CS 290|1196
R-001|CS 210|1044
R-001|NC 210|1087
R-001|NC 290|1196
R-001|SE 290|1022
R-159|DB 295|1150
R-159|DB 295|1140
R-159|DB 297C|1150
R-159|SE 230|1188
R-138|DB 290|1060
R-138|DB 297C|1150
R-138|SE 290|1022
R-138|SE 295|1022
R-028|DB 230|1077
R-028|DB 290|1150
R-028|DB 295|1060
R-028|DB 297C|1150
R-028|SE 297C|1022
R-309|CS 210|1044
R-309|CS 230/NC 285|1087
R-309|CS 290|1196
R-309|CS 290|1100
R-027|CS 225|1185
R-027|CS 290|1168
R-027|CS 295|1168
R-027|DB 295|1022
R-179|CS 295|1100
R-179|CS/NC 297D|1177
R-179|NC 210|1087
R-179|NC 290|1196
R-179|NC 297E|1087
R-302|CS 290|1124
R-302|CS 290|1196
R-302|DB 230|1077
R-302|DB 270|1060
R-302|DB 297C|1150
R-006|CS/NC 297D|1177
R-006|NC 210|1087
R-006|NC 290|1177
R-006|NC 297E|1087
R-120|CS 230/NC 285|1087
R-120|DB 230|1077
R-120|DB 290|1060
R-120|DB 297C|1150
R-300|DB 297C|1150
R-300|SE 220|1022
R-300|SE 230|1188
R-300|SE 297C|1022
R-108|CS 230/NC 285|1087
R-108|DB 297C|1150
R-108|SE 230|1188
R-108|SE 297C|1022
R-022|CS/NC 297D|1177
R-022|ES 290|1189
R-022|NC 251|1112
R-022|NC 290|1177
R-079|DB 230|1077
R-079|SE 220|1022
R-079|SE 290|1150
R-079|SE 297C|1022
R-144|CS 225|1185
R-144|CS 230/NC 285|1087
R-144|CS 290|1100
R-144|ITS 297A|1151
R-144|SE 240/DB 221|1100
R-084|CS 290|1168
R-084|CS 295|1100
R-084|CS 295|1123
R-084|ITS 399|1158
R-262|CS 210|1044
R-262|CS 295|1100
R-262|CS 295|1100
R-262|CS 305|1124
R-262|SE 290|1022
R-157|CS/NC 297D|1177
R-157|NC 210|1087
R-157|NC 290|1123
R-157|NC 297E|1087
R-222|CS/NC 297D|1177
R-222|NC 251|1112
R-222|NC 290|1177
R-222|NC 290|1189
R-140|CS 230/NC 285|1087
R-140|CS/NC 297D|1177
R-140|NC 210|1087
R-140|NC 297G|1177
R-085|CS 210|1044
R-085|CS 290|1185
R-085|CS 295|1100
R-085|CS 297J|1188
R-085|SE 297C|1022
R-060|NC 210|1087
R-060|NC 290|1189
R-060|NC 297E|1087
R-060|NC 297G|1177
R-174|CS/NC 297D|1177
R-174|ES 290|1189
R-174|NC 297E|1087
R-174|NC 297G|1177
R-205|DB 270|1060
R-205|DB 295|1140
R-205|DB 297C|1150
R-205|SE 220|1022
R-199|CS 295|1123
R-199|CS 295|1100
R-199|SE 297C|1022
R-211|SE 220|1022
R-211|SE 230|1188
R-211|SE 295|1140
R-211|SE 297C|1022
R-055|CS 210|1044
R-055|SE 220|1022
R-055|SE 295|1022
R-055|SE 297C|1022
R-293|DB 290|1060
R-293|DB 297C|1150
R-293|SE 220|1022
R-293|SE 230|1188
R-293|SE 297C|1022
R-048|CS 225|1185
R-048|DB 290|1060
R-048|DB 297C|1150
R-048|SE 297C|1022
R-278|DB 297C|1150
R-278|SE 220|1022
R-278|SE 230|1188
R-278|SE 297C|1022
R-050|CS/NC 297D|1177
R-050|NC 210|1087
R-050|NC 290|1177
R-050|NC 297E|1087
R-261|DB 295|1150
R-261|DB 297C|1150
R-261|SE 220|1022
R-261|SE 297C|1022
R-117|CS/NC 297D|1177
R-117|NC 290|1177
R-117|NC 297E|1087
R-117|NC 297G|1177
R-026|CS 230/NC 285|1087
R-026|CS 290|1124
R-026|DB 230|1077
R-026|DB 297C|1150
R-026|SE 297C|1022
R-213|CS 225|1185
R-213|CS 230/NC 285|1087
R-213|CS 280|1124
R-213|CS 295|1022
R-213|SE 220|1022
R-238|DB 230|1077
R-238|DB 290|1100
R-238|DB 295|1100
R-238|SE 290|1150
R-196|DB 270|1060
R-196|DB 290|1060
R-196|DB 297C|1150
R-196|SE 230|1188
R-196|SE 297C|1022
R-318|SE 220|1022
R-318|SE 230|1188
R-318|SE 295|1022
R-318|SE 297C|1022
R-003|SE 220|1022
R-003|SE 230|1188
R-003|SE 290|1022
R-003|SE 297C|1022
R-101|CS 210|1044
R-101|CS 230/NC 285|1087
R-101|DB 295|1140
R-101|DB 297C|1150
R-091|CS 280|1124
R-091|DB 230|1077
R-091|DB 297C|1150
R-091|IT 290|1123
R-091|SE 297C|1022
R-227|CS 210|1044
R-227|CS 230/NC 285|1087
R-227|CS 290|1185
R-227|CS 290|1185
R-227|CS 297J|1188
R-227|SE 230|1188
R-043|CS 290|1124
R-043|CS 297J|1188
R-043|DB 230|1077
R-043|DB 297C|1150
R-043|SE 230|1188
R-274|NC 210|1087
R-274|NC 290|1177
R-274|NC 295|1087
R-274|SE 297C|1022
R-277|CS 210|1044
R-277|CS 230/NC 285|1087
R-277|CS 297J|1188
R-277|DB 290|1060
R-277|DB 297C|1150
R-277|NC 290|1196
R-303|CS/NC 297D|1177
R-303|ES 290|1189
R-303|NC 297E|1087
R-303|NC 297G|1177
R-009|CS 225|1185
R-009|CS 230/NC 285|1087
R-009|CS 290|1168
R-009|CS 297J|1188
R-092|SE 220|1022
R-092|SE 230|1188
R-092|SE 290|1022
R-092|SE 297C|1022
R-279|DB 297C|1150
R-279|SE 220|1022
R-279|SE 230|1188
R-279|SE 297C|1022
R-206|DB 270|1060
R-206|DB 290|1060
R-206|DB 297C|1150
R-206|SE 290|1022
R-287|SE 220|1022
R-287|SE 230|1188
R-287|SE 295|1022
R-287|SE 297C|1022
R-288|CS 210|1044
R-288|ES 290|1189
R-288|NC 210|1087
R-288|NC 290|1087
R-147|CS 230/NC 285|1087
R-147|CS/NC 297D|1177
R-147|NC 290|1177
R-147|NC 297G|1177
R-219|CS 230/NC 285|1087
R-219|CS/NC 297D|1177
R-219|NC 210|1087
R-219|NC 297G|1177
R-298|DB 230|1077
R-298|DB 295|1060
R-298|DB 297C|1150
R-298|SE 230|1188
R-130|SE 220|1022
R-130|SE 230|1188
R-130|SE 290|1022
R-130|SE 297C|1022
R-067|CS/NC 297D|1177
R-067|DB 230|1077
R-067|DB 290|1060
R-067|DB 297C|1150
R-134|SE 220|1022
R-134|SE 230|1188
R-134|SE 290|1022
R-134|SE 297C|1022
R-035|CS 210|1044
R-035|CS 225|1185
R-035|CS 230/NC 285|1087
R-035|CS 290|1185
R-035|CS 297J|1188
R-145|CS 295|1100
R-145|CS 297K|1100
R-145|CS/NC 297D|1177
R-145|SE 290|1022
R-229|DB 230|1077
R-229|DB 290|1150
R-229|DB 295|1060
R-229|DB 297C|1150
R-195|CS 225|1185
R-195|SE 220|1022
R-195|SE 230|1188
R-195|SE 297C|1022
R-005|DB 230|1077
R-005|DB 270|1060
R-005|DB 290|1060
R-005|DB 297C|1150
R-271|SE 220|1022
R-271|SE 230|1188
R-271|SE 290|1022
R-271|SE 297C|1022
R-276|SE 220|1022
R-276|SE 230|1188
R-276|SE 290|1188
R-276|SE 297C|1022
R-188|NC 210|1087
R-188|NC 297E|1087
R-188|SE 220|1022
R-188|SE 290|1022
R-032|CS 230/NC 285|1087
R-032|DB 270|1060
R-032|DB 297C|1150
R-032|SE 230|1188
R-223|ES/NC 240|1173
R-223|NC 210|1087
R-223|NC 290|1087
R-223|NC 295|1123
R-223|NC 297E|1087
R-109|CS/NC 297D|1177
R-109|ES/NC 240|1173
R-109|NC 290|1123
R-109|NC 297G|1177
R-076|SE 220|1022
R-076|SE 230|1188
R-076|SE 290|1022
R-076|SE 297C|1022
R-244|CS/NC 297D|1177
R-244|NC 210|1087
R-244|NC 290|1177
R-244|NC 297E|1087
R-204|CS 225|1185
R-204|CS 230/NC 285|1087
R-204|CS 305|1124
R-204|DB 297C|1150
R-124|CS 230/NC 285|1087
R-124|DB 230|1077
R-124|DB 290|1060
R-124|DB 297C|1150
R-124|SE 297C|1022
R-125|ES/NC 240|1173
R-125|NC 210|1087
R-125|NC 290|1189
R-125|SE 230|1188
R-044|CS 230/NC 285|1087
R-044|DB 270|1060
R-044|DB 290|1060
R-044|DB 297C|1150
R-051|CS 290|1100
R-051|CS 295|1100
R-051|CS 305|1124
R-051|SE 290|1022
R-172|SE 220|1022
R-172|SE 230|1188
R-172|SE 295|1022
R-172|SE 297C|1022
R-168|SE 220|1022
R-168|SE 230|1188
R-168|SE 295|1022
R-168|SE 297C|1022
R-016|CS 210|1044
R-016|CS 290|1185
R-016|CS 290|1185
R-016|CS 297J|1188
R-268|DB 290|1022
R-268|DB 290|1060
R-268|DB 295|1022
R-268|SE 220|1022
R-024|CS/NC 297D|1177
R-024|ES 290|1189
R-024|NC 210|1087
R-024|NC 290|1087
R-249|CS 225|1185
R-249|DB 230|1077
R-249|DB 295|1205
R-249|DB 297C|1150
R-249|SE 297C|1022
R-047|CS/NC 297D|1177
R-047|DB 230|1077
R-047|DB 290|1060
R-047|DB 297C|1150
R-040|CS 290|1100
R-040|CS 290|1100
R-040|CS 295|1100
R-040|CS 297K|1100
R-105|CS 297K|1100
R-105|DB 290|1100
R-105|DB 295|1168
R-105|DB 295|1100
R-081|CS/NC 297D|1177
R-081|NC 210|1087
R-081|NC 251|1112
R-081|NC 295|1087
R-197|CS/NC 297D|1177
R-197|NC 210|1087
R-197|NC 295|1177
R-197|NC 297E|1087
R-242|CS 295|1100
R-242|CS/NC 297D|1177
R-242|NC 295|1177
R-242|NC 297E|1087
R-142|DB 290|1150
R-142|DB 297C|1150
R-142|SE 220|1022
R-142|SE 290|1022
R-241|DB 295|1150
R-241|DB 297C|1150
R-241|SE 220|1022
R-241|SE 290|1022
R-232|CS 290|1100
R-232|CS 297J|1188
R-232|NC 210|1087
R-232|SE 240/DB 221|1100
R-018|DB 230|1077
R-018|DB 295|1205
R-018|SE 220|1022
R-018|SE 230|1188
R-018|SE 297C|1022
R-111|CS 230/NC 285|1087
R-111|DB 297C|1150
R-111|SE 220|1022
R-111|SE 297C|1022
R-243|NC 210|1087
R-243|NC 290|1189
R-243|NC 297E|1087
R-243|NC 297G|1177
R-184|CS 295|1100
R-184|CS 297K|1100
R-184|CS/NC 297D|1177
R-184|SE 290|1022
R-069|NC 210|1087
R-069|NC 290|1087
R-069|NC 290|1087
R-069|SE 240/DB 221|1100
R-169|NC 210|1087
R-169|NC 251|1112
R-169|NC 297E|1087
R-169|SE 297C|1022
R-322|SE 220|1022
R-322|SE 290|1022
R-322|SE 295|1022
R-322|SE 297C|1022
R-314|DB 295|1205
R-314|SE 220|1022
R-314|SE 230|1188
R-314|SE 297C|1022
R-170|CS 290|1100
R-170|CS 297J|1188
R-170|DB 295|1140
R-170|DB 297C|1150
R-239|NC 210|1087
R-239|NC 290|1087
R-239|SE 295|1022
R-239|SE 297C|1022
R-192|DB 295|1205
R-192|DB 297C|1150
R-192|SE 220|1022
R-192|SE 230|1188
R-192|SE 297C|1022
R-068|DB 230|1077
R-068|DB 295|1205
R-068|SE 220|1022
R-068|SE 230|1188
R-068|SE 297C|1022
R-193|CS 210|1044
R-193|CS 225|1185
R-193|DB 230|1077
R-193|DB 295|1205
R-193|SE 297C|1022
R-132|CS/NC 297D|1177
R-132|NC 210|1087
R-132|NC 290|1177
R-132|SE 297C|1022
R-073|DB 230|1077
R-073|DB 270|1060
R-073|DB 290|1060
R-073|DB 297C|1150
R-252|CS 210|1044
R-252|DB 290|1060
R-252|DB 295|1140
R-252|DB 297C|1150
R-143|IT 290|1123
R-143|SE 220|1022
R-143|SE 290|1022
R-143|SE 297C|1022
R-286|CS 280|1124
R-286|CS 295|1100
R-286|CS 297K|1100
R-286|CS/NC 297D|1177
R-216|DB 295|1140
R-216|DB 295|1205
R-216|DB 297C|1150
R-216|SE 230|1188
R-216|SE 297C|1022
R-310|DB 230|1077
R-310|DB 295|1205
R-310|DB 297C|1150
R-310|SE 230|1188
R-208|CS/NC 297D|1177
R-208|NC 210|1087
R-208|NC 290|1177
R-208|NC 297E|1087
R-315|CS 210|1044
R-315|CS 230/NC 285|1087
R-315|CS 290|1185
R-315|CS 297J|1188
R-163|CS 210|1044
R-163|CS/NC 297D|1177
R-163|ES 290|1189
R-163|NC 290|1177
R-163|NC 297E|1087
R-201|CS 295|1100
R-201|CS/NC 297D|1177
R-201|NC 295|1177
R-201|NC 297E|1087
R-176|DB 399|1060
R-253|NC 399|1124
R-037|NC 395|1087
R-137|IT 390|1151
R-110|CS 297J|1188
R-110|NC 297E|1087
R-121|IT 399|1151
R-246|CS 395|1100
R-246|CS 399|1100
R-093|CS 395|1100
R-093|CS 399|1100
R-021|ITS 399|1158
R-270|NC 395|1087
R-015|ES 395|1087
R-015|ES 399|1087
R-150|NC 399|1196
R-031|ES 399|1189
R-202|CS 280|1124
R-202|CS 305|1124
R-202|CS 395|1124
R-202|NC 101|1123
R-095|CS 101|1100
R-095|DB 101|1150
